<?xml version="1.0"?>

<project default="copy_to_moodle" basedir="../.">

<property name="moodle_dir" value="C:/moodle/MoodleWindowsInstaller/server/moodle"/>


	<target name="delete_moodle_files">
		<echo message="Delete moodle files"/>
	  	<delete dir="${moodle_dir}/report/retrievecourse" verbose="true"></delete>
	</target>
	
	<target name="copy_to_moodle" depends="delete_moodle_files">
		<echo message="Send source files to moodle"/>
	  	<copy todir="${moodle_dir}/report" overwrite="true" verbose="true">
	    	<fileset dir=".">
	        	<include name="**/retrievecourse/**"/>
	    	</fileset>
	  	</copy>
	</target>
  
</project>
